<?xml version="1.0" encoding="UTF-8"?>
<project-private xmlns="http://www.netbeans.org/ns/project-private/1">
    <editor-bookmarks xmlns="http://www.netbeans.org/ns/editor-bookmarks/2" lastBookmarkId="0"/>
    <open-files xmlns="http://www.netbeans.org/ns/projectui-open-files/2">
        <group>
            <file>file:/C:/Users/KRI%20SILVA/Desktop/NSBM/2ND%20YEAR%201ST%20SEMESTER/Development%20Of%20Enterprise%20Application%20-%20DEA/DEA/DEA/DEA%20assignment/web/index.html</file>
            <file>file:/C:/Users/KRI%20SILVA/Desktop/NSBM/2ND%20YEAR%201ST%20SEMESTER/Development%20Of%20Enterprise%20Application%20-%20DEA/DEA/DEA/DEA%20assignment/web/Homepage.jsp</file>
        </group>
    </open-files>
</project-private>
